estrato;talhao;area;distkm;parcela;id;ncovas;nfustes;dapmed;htmed;hd;ab;vtsc;vtcc
494593;746;157,46;88,2;1207;24,01;1392,37;1369,16;9,19;10,98;11,6;9,25;36,46;45,68
494593;746;157,46;88,2;1207;37,65;1392,37;1369,16;12,07;16,3;17,06;15,92;94,95;119,3
494593;746;157,46;88,2;1207;47,6;1392,37;1369,16;12,87;19,41;20,72;18,1;140,24;164,28
494593;746;157,46;88,2;1207;61,86;1392,37;1369,16;14,03;22,3;23,6;21,56;199,65;237,38
494593;746;157,46;88,2;1207;72,37;1392,37;1369,16;14,52;24;25,2;23,17;220,12;250,52
494593;746;157,46;88,2;1207;84,99;1392,37;1369,16;15,24;25,67;28,27;25,64;265,71;298,59
494593;746;157,46;88,2;1208;37,65;1415,96;1345,16;12,06;16,04;17,62;15,56;91,4;115,27
494593;746;157,46;88,2;1208;47,6;1415,96;1345,16;13;18,32;18,96;18,12;128,13;152,15
494593;746;157,46;88,2;1208;61,86;1415,96;1345,16;14,41;22,12;23,73;22,38;205,55;244,39
494593;746;157,46;88,2;1208;72,37;1415,96;1345,16;14,81;23,56;25,73;23,69;221,72;252,35
494593;746;157,46;88,2;1208;84,99;1415,96;1345,16;15,51;26,08;29,13;26,11;274,66;308,65
494593;747;181,39;313,97;1209;24,7;1383,32;1337,21;10,96;12,89;14,2;12,7;57,62;71,4
494593;747;181,39;313,97;1209;38,34;1383,32;1337,21;13,09;18,28;19,22;18,19;122,52;150,03
494593;747;181,39;313,97;1209;48,29;1383,32;1337,21;13,88;20,88;21,62;20,46;169,77;197,24
494593;747;181,39;313,97;1209;62,55;1383,32;1337,21;15,06;22,83;24,27;24,2;229,17;272,47
494593;748;39,95;150,77;1210;38,4;1344,09;1299,28;12,33;16,14;17,36;15,59;90,88;114,98
494593;748;39,95;150,77;1210;48,36;1344,09;1299,28;13,09;17,21;18,36;17,57;114,09;137,14
494593;748;39,95;150,77;1210;62,61;1344,09;1299,28;14,34;20,47;21,13;21,09;177,41;210,93
494593;748;39,95;150,77;1210;73,13;1344,09;1299,28;14,93;21,57;23,23;22,92;193,83;220,6
494593;748;39,95;150,77;1210;85,74;1344,09;1299,28;15,52;24,88;26,55;24,81;245,14;275,47
494593;749;176,75;240,9;1211;29,47;1348,39;1348,39;11,34;14,68;15,5;13,84;73,32;89,59
494593;749;176,75;240,9;1211;41,56;1348,39;1326,29;12,91;17,64;19,66;17,67;119,02;142,43
494593;749;176,75;240,9;1211;55,81;1348,39;1326,29;14,5;20,53;22,12;22,42;192,93;229,39
494593;749;176,75;240,9;1211;66,33;1348,39;1326,29;14,93;21,33;22,76;23,83;202,25;230,19
494593;749;176,75;240,9;1211;78,94;1348,39;1326,29;15,89;22,76;25,42;27,12;247,34;281,51
494593;749;176,75;240,9;1212;29,47;1458,92;1458,92;11,32;14,58;15,96;15,22;81,48;99,49
494593;749;176,75;240,9;1212;41,56;1458,92;1458,92;12,75;18,09;20,12;19,4;137,72;163,5
494593;749;176,75;240,9;1212;55,81;1458,92;1436,81;14,03;20,15;22,18;23,32;202,18;240,39
494593;749;176,75;240,9;1212;66,33;1458,92;1436,81;14,57;22,74;25,12;25,21;235,65;268,21
494593;749;176,75;240,9;1212;78,94;1458,92;1436,81;15,22;23,74;27,76;27,67;275,24;313,26
494593;749;176,75;240,9;1213;41,56;1320;1340;13,9;18,98;22,02;21,18;153,5;182,36
494593;749;176,75;240,9;1213;55,81;1320;1340;15,2;22,85;26,48;25,66;252,77;300,54
494593;749;176,75;240,9;1213;66,33;1320;1340;15,81;24,33;29,04;28,02;283,11;322,21
494593;749;176,75;240,9;1213;78,94;1320;1340;16,62;25,94;31,22;31,41;343,7;391,18
494593;749;176,75;240,9;1214;41,56;1380;1260;13,52;18,92;20,86;18,51;134,64;159,46
494593;749;176,75;240,9;1214;55,81;1380;1260;14,52;20,62;22,52;21,63;188,92;224,61
494593;749;176,75;240,9;1214;66,33;1380;1240;15,25;23,67;25,36;23,29;218,96;249,21
494593;749;176,75;240,9;1214;78,94;1380;1240;15,88;24,94;28,1;25,44;257,23;292,76
494593;750;87,76;62,63;1215;25,53;1569,44;1481,02;10,32;12,54;14,42;12,89;58,76;72,78
494593;750;87,76;62,63;1215;37,61;1569,44;1481,02;12,05;14,76;16,76;17,7;99,77;122,77
494593;750;87,76;62,63;1215;51,87;1569,44;1481,02;13,19;17,23;19,9;21,38;158,85;188,86
494593;750;87,76;62,63;1215;62,39;1569,44;1481,02;13,71;17,93;21,62;23,26;175,22;199,42
494593;750;87,76;62,63;1215;75;1569,44;1481,02;14,6;20,46;25,1;26,72;230,86;262,75
494593;751;61,82;162,69;1216;34,26;1620;1580;12,13;16,37;18,58;18,5;111,48;132,77
494593;751;61,82;162,69;1216;48,55;1620;1580;13,33;20,56;22,1;22,44;174,14;203,83
494593;751;61,82;162,69;1216;62,19;1620;1580;14,44;23,48;25,08;26,43;245,78;279,73
494593;751;61,82;162,69;1217;34,26;1580;1540;11,35;15,63;16,3;15,71;89,38;106,45
494593;751;61,82;162,69;1217;48,55;1580;1540;12,87;18,54;20,42;20,21;140,52;164,48
494593;751;61,82;162,69;1217;62,19;1580;1540;14,18;21,07;22,64;24,58;203,39;231,48
494593;751;61,82;162,69;1218;48,55;1740;1680;12,34;17,05;19,34;20,5;133,17;155,87
494593;751;61,82;162,69;1218;62,19;1740;1680;13,61;19,69;21,88;25,04;196,49;223,63
494593;752;168,58;203,17;1219;40,37;1440;1460;12,89;18,1;19,88;19,35;128,84;153,45
494593;752;168,58;203,17;1219;54,66;1440;1440;14,16;21,21;23,18;22,97;183,94;215,3
494593;752;168,58;203,17;1219;68,3;1440;1440;15,33;24,09;26,16;27,07;259,06;294,84
494593;752;168,58;203,17;1220;40,37;1540;1480;12,46;16,29;18,74;18,5;112,43;133,9
494593;752;168,58;203,17;1220;54,66;1540;1480;13,47;19,15;20,92;21,8;158,61;185,66
494593;752;168,58;203,17;1220;68,3;1540;1480;14,47;18,3;23,22;25,46;196,05;223,14
494593;752;168,58;203,17;1221;54,66;1400;1360;14,02;21,54;22,42;21,25;171,33;200,54
494593;752;168,58;203,17;1221;68,3;1400;1360;15,11;23,68;24,82;24,73;229,95;261,72
494593;753;170,18;194,87;1222;21,81;1580;1560;9,94;12,74;14,1;12,38;58,54;72,16
494593;753;170,18;194,87;1222;36,79;1580;1560;13,73;17,48;19,56;24,12;159,8;192,56
494593;753;170,18;194,87;1222;48,82;1580;1560;15,48;21,08;23,68;31,11;258,97;303,13
494593;753;170,18;194,87;1222;59,95;1580;1560;16,29;25,01;28,06;34,79;358,67;412,11
494593;753;170,18;194,87;1223;21,81;1600;1560;9,36;12,04;13,48;11,02;49,55;61,33
494593;753;170,18;194,87;1223;36,79;1600;1560;13,19;17,29;19,02;22,13;145,85;175,51
494593;753;170,18;194,87;1223;48,82;1600;1560;14,78;20,48;22,48;28,07;220,96;258,64
494593;753;170,18;194,87;1223;59,95;1600;1560;15,48;23,26;26,2;31,1;295,62;339,67
494593;754;176,49;82,64;1224;37,09;1520;1520;13,45;15,72;17,34;22,46;132,11;162,08
494593;754;176,49;82,64;1224;49,11;1520;1520;15,04;19,48;22,5;28,5;219,75;257,22
494593;754;176,49;82,64;1224;60,25;1520;1520;15,71;22,61;26,82;31,34;294,52;338,41
494593;755;62,92;259,08;1225;30,49;1724,18;1724,18;11,64;16,09;16,76;18,52;108,64;129,39
494593;755;62,92;259,08;1225;41,79;1724,18;1724,18;12,85;18,8;20,76;22,65;160,76;188,17
494593;755;62,92;259,08;1225;55,22;1724,18;1724,18;13,91;21,73;23,3;26,68;228,12;262,11
494593;755;62,92;259,08;1225;67,18;1724,18;1724,18;14,57;23,71;25,3;29,35;274,78;312,73
494593;756;106,66;224,99;1226;46,06;1620;1640;13,08;17,89;21,04;22,74;156,75;183,47
494593;756;106,66;224,99;1226;58,38;1620;1640;14,38;21,71;24,86;27,69;243,88;280,22
494593;756;106,66;224,99;1226;65,05;1620;1640;14,84;24,49;27,68;29,62;296,17;337,09
494593;757;80,07;225,37;1227;28,42;1440;1420;9,7;11,57;13,06;10,6;45,59;55,6
494593;757;80,07;225,37;1227;45,8;1440;1420;11,16;15,92;15,72;14,04;84,34;98,72
494593;757;80,07;225,37;1227;58,11;1440;1420;12,52;17,54;18,88;17,71;121,65;139,78
494593;757;80,07;225,37;1227;64,78;1440;1420;13,03;19,82;21,14;19,18;149,2;169,81
494593;757;80,07;225,37;1228;45,8;1540;1480;13,09;17,94;20;20,27;138,31;161,91
494593;757;80,07;225,37;1228;58,11;1540;1480;14,45;21,74;23,48;24,72;212,54;244,23
494593;757;80,07;225,37;1228;64,78;1540;1480;14,92;24,4;26;26,42;255,38;290,67
494593;758;98,06;136,64;1229;25,46;1540;1460;12,66;14,26;15,16;18,97;101,64;123,94
494593;758;98,06;136,64;1229;42,84;1540;1460;15,22;18,86;21,42;27,94;205,95;241,06
494593;758;98,06;136,64;1229;55,16;1540;1440;16,68;24,09;26,42;33,44;325,97;374,55
494593;758;98,06;136,64;1229;61,83;1540;1440;17,29;26,93;29,72;36,1;396,05;450,77
494593;758;98,06;136,64;1230;42,84;1380;1260;14,87;18,99;21,94;22,47;163,96;191,92
494593;758;98,06;136,64;1230;55,16;1380;1260;16,26;23;24,84;26,99;245,54;282,13
494593;758;98,06;136,64;1230;61,83;1380;1260;16,75;25,17;27,3;28,72;288,88;328,79
494593;759;100,49;256,42;1231;26,68;1420;1420;11,9;15,63;17,82;16,18;95,33;116,24
494593;759;100,49;256,42;1231;44,05;1420;1420;14,6;18,38;19,92;24,7;176,37;206,45
494593;759;100,49;256,42;1231;56,37;1420;1400;16,27;22,27;24,47;30,56;274,29;315,17
494593;759;100,49;256,42;1231;63,04;1420;1400;17,03;24,63;28,88;33,72;345,66;393,41
494593;760;42;187,05;1232;45,96;1520;1580;15,18;19,28;22,78;29,7;221,56;259,33
494593;760;42;187,05;1232;58,28;1520;1560;16,17;24,24;25,96;33,38;321,78;369,73
494593;760;42;187,05;1232;64,95;1520;1560;16,55;27,1;29,12;35,06;380,69;433,28
494593;761;118,98;142,57;1233;28,58;1620;1500;12,49;16,53;17,76;18,72;114,32;139,4
494593;761;118,98;142,57;1233;45,96;1620;1500;14,78;20,29;22,22;26,49;204,35;239,19
494593;761;118,98;142,57;1233;58,28;1620;1500;15,87;23,39;26,1;30,87;289,99;333,2
494593;761;118,98;142,57;1233;64,95;1620;1500;16,3;25,09;28,6;32,7;334,8;381,05
494593;762;68,69;259,89;1234;29,7;1540;1600;11,75;15,49;17,36;18,04;105,92;129,15
494593;762;68,69;259,89;1234;47,08;1540;1560;14,2;18,92;21,7;25,93;193,37;226,34
494593;762;68,69;259,89;1234;59,4;1540;1520;15,47;22,6;25,72;29,92;276,5;317,7
494593;762;68,69;259,89;1234;66,06;1540;1520;15,88;24,15;27,68;31,67;316,08;359,74
494593;762;68,69;259,89;1235;29,7;1560;1540;12,02;16,3;17,86;18,04;110,04;134,18
494593;762;68,69;259,89;1235;47,08;1560;1540;14,54;19,9;22,32;26,81;207,08;242,39
494593;762;68,69;259,89;1235;59,4;1560;1540;15,63;23,63;26,98;31,31;302,15;347,18
494593;762;68,69;259,89;1235;66,06;1560;1540;16,05;25,12;29,12;33,16;346,28;394,11
494593;762;68,69;259,89;1236;47,08;1600;1660;14,87;22,18;24;30,2;255,03;298,52
494593;762;68,69;259,89;1236;59,4;1600;1660;15,94;25,42;27,3;35;354,7;407,55
494593;762;68,69;259,89;1236;66,06;1600;1660;16,35;26,57;29,58;37,12;400,21;455,5
494593;763;62,77;104,93;1237;30,06;1400;1440;13,19;18,45;20,26;20,38;141,75;172,84
494593;763;62,77;104,93;1237;47,44;1400;1440;15,11;20,94;23,64;27,11;222,12;259,98
494593;763;62,77;104,93;1237;59,76;1400;1440;15,89;22,91;25,74;30,22;284,31;326,67
494593;763;62,77;104,93;1237;66,43;1400;1440;16,34;25,78;29,04;32,08;341,73;388,94
494593;764;43,92;281,73;1238;23,88;1340;1260;10,45;12,91;13,76;10,95;52,17;63,61
494593;764;43,92;281,73;1238;41,26;1340;1260;14,91;18,66;19,12;22,34;156,91;183,66
494593;764;43,92;281,73;1238;53,58;1340;1260;16,48;22,48;24,2;27,51;244,64;281,09
494593;764;43,92;281,73;1238;60,25;1340;1260;17,25;24,59;27,22;30,24;297,55;338,66
494593;765;51,97;147,53;1239;23,59;1660;1680;8,73;11,15;12,16;10,15;41,66;50,79
494593;765;51,97;147,53;1239;40,97;1660;1680;11,82;17,06;18,46;18,56;118,62;138,85
494593;765;51,97;147,53;1239;53,29;1660;1680;13,22;20,48;21,62;23,27;186,22;213,97
494593;765;51,97;147,53;1239;59,95;1660;1680;13,83;23,19;24,22;25,48;231,39;263,36
494593;766;156,87;142,95;1240;36,5;1600;1440;13,16;17,31;17,5;20,21;133,36;156,1
494593;766;156,87;142,95;1240;48,82;1620;1460;14,88;19,61;21,94;26,47;208,3;239,34
494593;766;156,87;142,95;1240;55,49;1620;1460;15,66;22,56;25,26;29,39;268,06;305,08
494593;767;94,16;259,94;1241;19,35;1620;1600;7,57;10,11;11,18;7,39;27,89;34,01
494593;767;94,16;259,94;1241;36,73;1620;1600;11,55;16,19;16,06;17,3;107,39;125,7
494593;767;94,16;259,94;1241;49,05;1620;1600;13,14;19,19;20,74;22,48;171,49;197,04
494593;767;94,16;259,94;1241;55,72;1620;1580;14,12;21,63;23,96;25,62;223,17;254
494593;768;72,5;252,17;1242;19,45;1700;1640;8,84;12,9;13,88;10,23;48,94;59,68
494593;768;72,5;252,17;1242;36,83;1700;1640;12,6;17,28;18,3;21,05;138,72;162,37
494593;768;72,5;252,17;1242;49,15;1700;1640;13,66;20,54;22,96;25,08;207,13;238
494593;768;72,5;252,17;1242;55,81;1700;1640;14,25;22,96;26,36;27,51;257,1;292,61
494593;769;46,71;133,43;1243;19,45;1440;1480;9,25;12,62;13,4;10,01;46,36;56,53
494593;769;46,71;133,43;1243;36,83;1440;1480;13,85;18,4;19,58;22,57;156,11;182,72
494593;769;46,71;133,43;1243;49,15;1440;1480;15,55;22,5;23,66;28,58;252,15;289,73
494593;769;46,71;133,43;1243;55,81;1440;1480;16,4;25,15;27,3;31,88;317,75;361,64
494593;770;39,62;201,19;1244;30,58;1547,34;1503,13;12,25;18,15;19,52;18,1;127,08;150,73
494593;770;39,62;201,19;1244;42,71;1547,34;1503,13;13,51;19,43;20,86;22,07;168,67;198,2
494593;770;39,62;201,19;1244;53,02;1547,34;1503,13;14,46;21;23,18;25,39;219,78;250,57
494593;770;39,62;201,19;1244;64,55;1547,34;1481,02;15,46;23,4;25,49;28,64;277,01;315,83
494593;771;116,76;169,2;1245;30,42;1746,28;1746,28;12,06;15,25;16,82;20,55;119,93;146,51
494593;771;116,76;169,2;1245;42,54;1746,28;1746,28;13,5;19,31;21,76;25,71;200,97;235,48
494593;771;116,76;169,2;1245;52,86;1746,28;1724,18;14,48;21,73;24,5;29,83;276,56;315,32
494593;771;116,76;169,2;1245;64,39;1746,28;1724,18;15,18;22,96;27,22;33,1;329,27;375,41
494593;772;117,07;118,03;1246;30,39;1436,81;1458,92;12,46;18,83;19,48;17,99;130,39;153,87
494593;772;117,07;118,03;1246;42,51;1436,81;1458,92;14,03;23,4;24,22;22,89;220,38;250,66
494593;772;117,07;118,03;1246;52,83;1436,81;1458,92;15,1;23,76;24,56;26,62;257,46;293,54
494593;772;117,07;118,03;1246;64,36;1436,81;1458,92;16,03;24,92;26,08;30,15;307,36;350,44
494593;773;180,09;175,1;1247;29,76;1640;1620;8,95;13,06;13,88;10,37;50,43;61,49
494593;773;180,09;175,1;1247;41,92;1640;1620;11,77;17,3;18,62;17,95;114,54;136,42
494593;773;180,09;175,1;1247;54,47;1640;1620;13,12;21,14;23,28;22,41;180,32;211,07
494593;773;180,09;175,1;1247;66,56;1640;1620;13,93;24,96;27,62;25,39;252,81;290,48
494593;774;127,8;124,33;1248;40,51;1640;1620;12,96;18,44;20,44;21,75;147,58;175,77
494593;774;127,8;124,33;1248;53,06;1640;1620;13,97;21,8;24,12;25,42;210,41;246,28
494593;774;127,8;124,33;1248;65,14;1640;1620;14,87;24,95;27,34;28,94;287,89;330,78
494593;775;73,51;188,42;1249;25,3;1640;1620;8,56;12,66;12,8;9,41;44,01;53,66
494593;775;73,51;188,42;1249;37,45;1640;1620;11,79;17,37;18,26;17,9;113,84;135,58
494593;775;73,51;188,42;1249;50;1640;1620;13,62;21,52;23,6;24;194,77;227,98
494593;775;73,51;188,42;1249;62,09;1640;1620;14,71;24,84;26,86;28,13;275,98;317,11
494593;776;101,58;142,95;1250;25,07;1540;1580;8,24;12,35;13,42;8,57;39,38;48,02
494593;776;101,58;142,95;1250;37,22;1540;1580;12,08;17,41;18,5;18,46;118,7;141,37
494593;776;101,58;142,95;1250;49,77;1540;1580;14,09;21,52;23,66;25,48;210,34;246,2
494593;776;101,58;142,95;1250;61,86;1540;1580;15,29;24,11;27,32;30,31;295,23;339,22
494593;777;37,09;155,08;1251;26,68;1680;1660;8,91;13,07;13,56;10,53;51,28;62,53
494593;777;37,09;155,08;1251;38,83;1680;1660;11,51;17,22;19,2;17,64;112,72;134,25
494593;777;37,09;155,08;1251;51,38;1680;1660;12,9;21,05;24,32;22,26;179,29;209,86
494593;777;37,09;155,08;1251;63,47;1680;1660;13,65;24,05;26,38;25;240,32;276,13
494593;778;175,77;142,87;1252;26,77;1540;1520;10,07;14,17;14,92;12,21;63,67;77,64
494593;778;175,77;142,87;1252;38,93;1540;1520;13,03;18,45;20,24;20,52;138,59;165,06
494593;778;175,77;142,87;1252;51,48;1540;1520;14,25;22,04;23,72;24,65;204,68;239,57
494593;778;175,77;142,87;1252;63,57;1540;1520;15,11;24,67;26,32;27,82;270,71;311,04
494593;779;164,98;216,88;1253;44,42;1440;1420;15,34;22,67;23,26;27,03;231,44;270,9
494593;779;164,98;216,88;1253;56,27;1440;1420;16,31;24,52;26,64;30,75;301,14;346,01
494593;779;164,98;216,88;1253;63,86;1440;1420;16,77;26,39;29,4;32,59;347,44;395,43
494593;780;138,13;288,72;1254;44,45;1760;1760;13,13;19,71;20,8;24,43;181,77;212,76
494593;780;138,13;288,72;1254;56,31;1760;1760;14;22,16;23,96;27,95;245,95;282,6
494593;780;138,13;288,72;1254;63,9;1760;1760;14,51;24,52;26,54;30,17;296,34;337,28
494593;781;169,02;67,82;1255;30,78;1480;1420;12,91;17,71;18,66;18,78;125,65;150,45
494593;781;169,02;67,82;1255;44,48;1480;1420;15,21;20,61;22,92;26,24;205,08;240,04
494593;781;169,02;67,82;1255;56,34;1480;1420;15,92;24,71;26,64;28,91;281,88;323,88
494593;781;169,02;67,82;1255;63,93;1480;1420;16,35;27,2;29,2;30,57;329,46;374,97
494593;782;83,14;251,17;1256;25,39;1540;1560;9,46;12,07;13,26;11,36;50,83;62,98
494593;782;83,14;251,17;1256;37,12;1540;1560;12,53;17,76;20,28;20,16;136,11;162,1
494593;782;83,14;251,17;1256;50,13;1540;1560;14,09;21,71;24,72;25,77;219,84;257,32
494593;782;83,14;251,17;1256;62,12;1540;1560;14,84;24,24;26,92;28,76;284,23;326,58
494593;783;93,83;107,05;1257;26,02;1560;1520;10,1;12,41;13,56;12,76;57,98;71,81
494593;783;93,83;107,05;1257;37,75;1560;1520;13,28;16,78;19,26;22,39;144,69;172,32
494593;783;93,83;107,05;1257;50,76;1560;1520;14,85;21,3;25,18;28,78;250,25;292,91
494593;783;93,83;107,05;1257;62,75;1560;1520;15,86;23,85;28,96;33,21;346,24;397,83
494593;783;93,83;107,05;1258;37,75;1640;1600;12,34;18,51;20,62;20,22;141,79;168,88
494593;783;93,83;107,05;1258;50,76;1640;1600;14,02;20,74;24,58;26,68;222,14;260,01
494593;783;93,83;107,05;1258;62,75;1640;1600;15,06;23,3;27,5;31,19;309,54;355,66
494593;783;93,83;107,05;1259;37,75;1500;1480;12,7;17,76;18,2;19,2;125,14;149,04
494593;783;93,83;107,05;1259;50,76;1500;1480;14,46;21,24;23,4;25,17;206,65;241,89
494593;783;93,83;107,05;1259;62,75;1500;1480;15,62;23,14;26,02;29,61;278,94;320,5
494593;784;148,49;310,09;1260;29,47;1660;1480;9,85;14,91;15,2;11,43;62,49;76,2
494593;784;148,49;310,09;1260;41,43;1660;1480;12,24;17,46;19,18;17,76;114,39;136,24
494593;784;148,49;310,09;1260;53,45;1660;1480;13,54;23,51;24,94;21,85;193,16;226,09
494593;784;148,49;310,09;1260;66,36;1660;1480;14,39;24,91;27,96;24,85;247,33;281,5
494593;785;29,92;345,71;1261;24,8;1720;1680;7,68;9,03;10,04;7,87;25,59;32,56
494593;785;29,92;345,71;1261;37,29;1720;1680;10,71;14,94;16,02;15,31;88,59;107,77
494593;785;29,92;345,71;1261;49,51;1720;1680;12,14;19,68;20,92;19,68;145,16;169,9
494593;785;29,92;345,71;1261;62,52;1720;1680;13,55;23,09;24,74;24,62;223,2;256,46
494593;785;29,92;345,71;1262;37,29;1580;1560;12,49;17,78;18,82;19,43;133,44;158,89
494593;785;29,92;345,71;1262;49,51;1580;1560;13,78;22,18;23,18;23,72;199,03;232,97
494593;785;29,92;345,71;1262;62,52;1580;1560;14,36;23,82;25,48;25,86;243,77;280,1
494593;786;102,79;149,68;1263;24,44;1640;1620;7,74;9,17;11,04;7,69;25,62;32,52
494593;786;102,79;149,68;1263;36,93;1640;1620;11,73;14,86;16,64;17,7;99,84;122,38
494593;786;102,79;149,68;1263;49,15;1640;1620;13,37;19,78;22,02;23,06;172,66;202,11
494593;786;102,79;149,68;1263;62,16;1640;1620;14,68;22,91;26,02;27,96;255,2;293,23
494593;787;109,17;73,97;1264;26,54;1440;1300;7,78;10,58;12,12;6,37;25,4;30,97
494593;787;109,17;73,97;1264;39,88;1460;1300;12,26;15,86;17,22;15,6;91,03;108,41
494593;787;109,17;73,97;1264;50,66;1460;1300;14,05;19,06;19,98;20,5;146,42;171,38
494593;787;109,17;73,97;1264;63,14;1460;1300;15,62;23,81;25,04;25,48;238,21;273,71
494593;788;68,67;288,58;1265;26,64;1360;1320;7,44;8,61;10,76;6,08;20,43;24,91
494593;788;68,67;288,58;1265;39,98;1360;1320;12,17;15,85;19,28;15,96;96,92;115,43
494593;788;68,67;288,58;1265;50,76;1360;1320;13,55;19,91;22,76;19,98;155,01;181,44
494593;788;68,67;288,58;1265;63,24;1360;1320;14,79;24,45;27,76;23,95;239,3;274,96
494593;789;80,39;279,53;1266;25,89;1720;1780;8,82;12;13,28;11,22;50,26;61,29
494593;789;80,39;279,53;1266;39,22;1720;1780;12,49;19,29;20,34;22,72;161,68;192,56
494593;789;80,39;279,53;1266;50;1720;1780;13,35;21,28;23,16;26,12;214,39;250,94
494593;789;80,39;279,53;1266;62,48;1720;1780;14,14;24,07;27,1;29,56;291,13;334,51
494593;790;128,04;179,29;1267;25,89;1680;1640;7,86;11,06;13,2;8,26;34,61;42,21
494593;790;128,04;179,29;1267;39,22;1680;1640;11,02;15,48;19,28;16,09;94,44;112,48
494593;790;128,04;179,29;1267;50;1680;1640;11,99;19,75;22,56;19,16;145,58;170,4
494593;790;128,04;179,29;1267;62,48;1680;1640;12,73;23,41;27,24;21,72;205,81;236,47
494593;790;128,04;179,29;1268;39,22;1700;1580;13,17;19,61;21,4;22,33;163,93;195,24
494593;790;128,04;179,29;1268;50;1700;1580;14,06;20,73;23,24;25,67;206,82;242,08
494593;790;128,04;179,29;1268;62,48;1700;1580;14,94;24,07;27,78;29,26;288,16;331,1
494593;791;89,47;193,64;1269;31,93;1363,88;1250,23;10,5;13,05;15,16;11,18;56,43;70,21
494593;791;89,47;193,64;1269;46,39;1363,88;1250,23;13,65;19,02;20,46;18,93;141,77;167,23
494593;791;89,47;193,64;1269;56,77;1363,88;1250,23;14,78;22,15;23,57;22,25;207,1;238,64
494593;791;89,47;193,64;1269;67,9;1363,88;1250,23;15,66;23,76;25,9;25,09;249,99;285,36
494593;791;89,47;193,64;1270;46,39;1502,63;1527,67;11,27;17,7;20,68;16,74;130,98;153,04
494593;791;89,47;193,64;1270;56,77;1502,63;1477,59;12,09;19,63;23,6;19,37;173,72;200,18
494593;791;89,47;193,64;1270;67,9;1502,63;1477,59;12,83;20,5;25,2;21,33;199,73;227,99
494593;792;128,3;231,58;1271;32,56;1315,01;1227,34;10,39;13,95;15,02;10,56;56,85;69,89
494593;792;128,3;231,58;1271;47,01;1315,01;1227,34;13,24;19,93;21,22;17,14;135,57;158,44
494593;792;128,3;231,58;1271;57,39;1315,01;1227,34;14,32;22,58;23,64;20,1;186,38;214,76
494593;792;128,3;231,58;1271;68,53;1315,01;1227,34;15,21;23,84;25,46;22,75;223,22;254,8
494593;792;128,3;231,58;1272;32,56;1519,53;1519,53;9,24;13,4;15,8;10,82;60,36;73,61
494593;792;128,3;231,58;1272;47,01;1519,53;1519,53;11,86;17,59;19,76;18,07;131,28;155,22
494593;792;128,3;231,58;1272;57,39;1519,53;1519,53;12,78;20,67;23,42;21,2;192,11;221,37
494593;792;128,3;231,58;1272;68,53;1519,53;1519,53;13,43;22,07;25,57;23,65;231,77;264,57
494593;792;128,3;231,58;1273;47,01;1431,78;1455,64;12,62;18,62;20,36;18,72;140,53;165,36
494593;792;128,3;231,58;1273;57,39;1431,78;1431,78;13,52;22,18;22,7;21,24;195,73;225,55
494593;792;128,3;231,58;1273;68,53;1431,78;1455,64;14,47;23,08;24,83;24,82;239,82;273,75
494593;793;100,85;233,73;1274;40,11;1645,5;1563,23;10,87;15,57;17,12;14,68;89,21;107,79
494593;793;100,85;233,73;1274;50,49;1645,5;1563,23;12,03;19,21;20,35;18,04;143,14;164,92
494593;793;100,85;233,73;1274;61,63;1645,5;1563,23;12,84;21,83;24,52;20,58;186,92;213,34
494593;794;111,58;306,07;1275;27,3;1613,65;1635,76;9,76;12,49;14,36;12,35;56,49;69,84
494593;794;111,58;306,07;1275;37,58;1613,65;1635,76;12,38;16,81;17,98;19,91;127;152,99
494593;794;111,58;306,07;1275;51,41;1613,65;1635,76;14,29;22,95;24,06;26,67;243,77;278,81
494593;794;111,58;306,07;1275;63,24;1613,65;1635,76;15,18;25,11;27,08;30,16;299,98;344,69
494593;794;111,58;306,07;1276;37,58;1540;1520;12,32;16,74;16,8;18,23;115,06;138,77
494593;794;111,58;306,07;1276;51,41;1540;1520;14,19;22,76;22,76;24,36;219,01;250,49
494593;794;111,58;306,07;1276;63,24;1540;1520;15,15;25,63;27,22;27,84;280,29;322,06
494593;795;57,28;293,82;1277;27,3;1525,23;1547,34;8,37;11,22;11,98;8,65;36,61;45,5
494593;795;57,28;293,82;1277;37,58;1525,23;1547,34;10,53;14,89;16,18;13,7;80,15;97,27
494593;795;57,28;293,82;1277;51,41;1525,23;1547,34;12,64;19,78;20,6;19,85;157,23;179,83
494593;795;57,28;293,82;1277;63,24;1525,23;1547,34;13,66;22,78;23,64;23,21;207,64;238,58
494593;796;168,04;105,15;1278;27,17;1503,13;1503,13;7,53;9,8;10,52;6,8;24,81;31,22
494593;796;168,04;105,15;1278;37,45;1503,13;1503,13;10,2;14,17;15,3;12,41;68,66;83,96
494593;796;168,04;105,15;1278;51,28;1503,13;1503,13;12,62;19,28;20,33;19,05;146,24;167,26
494593;796;168,04;105,15;1278;63,11;1503,13;1503,13;13,92;22,19;23,84;23,22;202,46;232,63
494593;797;53,92;300,16;1279;23,39;1764,14;1764,14;8,94;12,84;12,82;11,16;54,23;66,56
494593;797;53,92;300,16;1279;35,41;1764,14;1764,14;11,53;18,84;18,46;18,65;137,11;160,85
494593;797;53,92;300,16;1279;48,92;1764,14;1764,14;13,64;22,45;23,92;26,3;243,18;278,07
494593;797;53,92;300,16;1279;60,02;1764,14;1764,14;14,45;23,27;25,23;29,68;292,43;335,53
494593;797;53,92;300,16;1279;72,37;1764,14;1764,14;15,51;24,59;27,93;34,41;365,26;405,97
494593;797;53,92;300,16;1279;83,87;1764,14;1764,14;15,99;26,65;30,3;36,78;424,66;471,98
494593;798;171,53;101,37;1280;22,47;1658,28;1658,28;7,86;11,08;12,84;8,18;34,47;42,81
494593;798;171,53;101,37;1280;34,33;1658,28;1658,28;10,13;15,21;17,46;13,65;82,78;99,75
494593;798;171,53;101,37;1280;47,83;1658,28;1658,28;12,54;19,71;21,32;21,03;167,98;195,86
494593;798;171,53;101,37;1280;58,71;1658,28;1658,28;13,5;22,16;26,52;24,43;222,48;257,29
494593;798;171,53;101,37;1280;70,76;1658,28;1658,28;14,07;24,41;28,75;26,71;274,21;312,91
494593;798;171,53;101,37;1280;81,57;1658,28;1658,28;14,6;26,14;29,45;28,79;314,79;359,22
494593;798;171,53;101,37;1281;22,47;1795,01;1795,01;8,47;12,32;12,84;10,22;48,14;59,22
494593;798;171,53;101,37;1281;34,33;1795,01;1795,01;11,1;16,48;17,46;17,61;113,47;135,85
494593;798;171,53;101,37;1281;47,83;1795,01;1795,01;13,22;23,9;24,1;25,16;251,81;284,22
494593;798;171,53;101,37;1281;58,71;1795,01;1795,01;13,79;24,26;25,8;27,47;268,71;310,75
494593;798;171,53;101,37;1281;70,76;1795,01;1795,01;14,27;26,07;28,47;29,47;319,16;364,2
494593;798;171,53;101,37;1281;81,57;1795,01;1795,01;14,76;26,49;29,13;31,62;349,87;399,25
494593;799;147,65;337,7;1282;23,46;1748;1748;10,23;13,45;14,86;14,55;72,18;88,6
494593;799;147,65;337,7;1282;35,32;1748;1748;13,02;19,34;20,46;23,85;177,96;209,56
494593;799;147,65;337,7;1282;48,82;1748;1748;15,1;21,1;24,06;32,48;274,43;318,9
494593;799;147,65;337,7;1282;59,69;1748;1748;15,94;23,9;27,8;36,45;363,8;420,72
494593;799;147,65;337,7;1282;71,75;1748;1748;16,63;25,94;29,83;39,97;445,47;508,34
494593;799;147,65;337,7;1282;82,56;1748;1748;16,87;26,53;31;41,18;471,58;538,13
494593;799;147,65;337,7;1283;23,46;1647,99;1675,46;8,15;12,41;13,88;8,91;43,66;53,5
494593;799;147,65;337,7;1283;35,32;1647,99;1675,46;10,75;17,41;19,3;15,58;108,35;128,04
494593;799;147,65;337,7;1283;48,82;1647,99;1675,46;13,33;23,26;25,42;23,88;233,55;264,76
494593;799;147,65;337,7;1283;59,69;1647,99;1675,46;14,22;26,95;28,13;27,24;292,41;338,16
494593;799;147,65;337,7;1283;71,75;1647,99;1675,46;14,85;29,68;30,73;29,73;360,03;410,84
494593;799;147,65;337,7;1283;82,56;1647,99;1675,46;15,43;29,77;31,8;32,21;393,41;448,94
494593;799;147,65;337,7;1284;23,46;1529,36;1529,36;8,03;10,77;11,9;7,88;31,72;39,59
494593;799;147,65;337,7;1284;35,32;1529,36;1529,36;10,79;15,68;17,1;14,28;87,69;105,74
494593;799;147,65;337,7;1284;48,82;1529,36;1529,36;13,36;21,7;24,36;21,96;199,21;228,22
494593;799;147,65;337,7;1284;59,69;1529,36;1529,36;14,38;24,66;26,63;25,58;255,12;295,04
494593;799;147,65;337,7;1284;71,75;1529,36;1529,36;15,01;28,36;29,13;27,98;324,22;369,98
494593;799;147,65;337,7;1284;82,56;1529,36;1529,36;15,53;28,34;30,7;30,04;353,32;403,18
494593;800;81,2;96,18;1285;22,17;1606,86;1472,95;9,81;13,88;14,26;11,3;58,83;71,84
494593;800;81,2;96,18;1285;35,05;1606,86;1472,95;13,65;19,74;20,8;22,13;165,52;195,27
494593;800;81,2;96,18;1285;46,68;1606,86;1472,95;15,31;24,12;26,4;28,17;280,04;317,99
494593;800;81,2;96,18;1285;61,17;1580,07;1472,95;16,51;25,08;28,93;33,3;353,02;402,24
494593;800;81,2;96,18;1285;69,84;1606,86;1472,95;17,56;27,3;30,33;37,7;426,75;483,19
494593;800;81,2;96,18;1285;82,19;1606,86;1472,95;18,11;28,11;31,7;40,11;480,9;535,27
494593;800;81,2;96,18;1285;86,53;1606,86;1472,95;18,3;28,7;32,35;40,94;499,88;556,39
494593;800;81,2;96,18;1286;22,17;1605,52;1471,73;9,62;12,51;13,76;10,81;49,67;61,37
494593;800;81,2;96,18;1286;35,05;1605,52;1471,73;13,71;18,37;19,1;22,01;151,23;180,8
494593;800;81,2;96,18;1286;46,68;1605,52;1471,73;15,26;22,07;23,48;27,46;238,23;275,75
494593;800;81,2;96,18;1286;61,17;1578,76;1471,73;16,71;26,4;28,27;33,14;357,24;407,05
494593;800;81,2;96,18;1286;69,84;1605,52;1471,73;17,52;27,93;30,92;36,72;417,98;473,25
494593;800;81,2;96,18;1286;82,19;1605,52;1471,73;18,05;29;32,3;39,16;479,07;533,23
494593;800;81,2;96,18;1286;86,53;1605,52;1471,73;18,27;29,82;32,65;40,2;501,41;558,1
494593;800;81,2;96,18;1287;22,17;1630,48;1521,78;9,68;14,51;15,5;11,5;64,38;78,09
494593;800;81,2;96,18;1287;35,05;1630,48;1548,96;13,3;18,28;20,6;22,47;159,09;189,35
494593;800;81,2;96,18;1287;46,68;1630,48;1548,96;14,72;21,33;24,4;27,83;243,5;281,52
494593;800;81,2;96,18;1287;61,17;1630,48;1548,96;16,09;26,57;28,48;33,56;368,36;419,72
494593;800;81,2;96,18;1287;69,84;1630,48;1548,96;16,86;29,17;30,5;37,09;436,27;493,97
494593;800;81,2;96,18;1287;82,19;1630,48;1521,78;17,36;28,44;31,23;38,49;459,45;511,4
494593;800;81,2;96,18;1287;86,53;1630,48;1521,78;17,41;27,94;32,8;38,66;468,95;521,97
494593;801;77,88;275,77;1288;46,81;1657,09;1657,09;11,68;17,03;18,08;17,93;114,22;133,69
494593;801;77,88;275,77;1288;58,41;1657,09;1657,09;12,85;19,89;20,8;21,73;175,11;194,33
494593;801;77,88;275,77;1288;67,81;1657,09;1657,09;13,66;23,49;24,9;24,67;225,78;252,63
494593;802;157,36;261,65;1289;24,01;1378,55;1355,57;11,65;13,51;15,19;14,66;75,59;92,21
494593;802;157,36;261,65;1289;37,02;1378,55;1355,57;14,69;19,02;21,4;23,66;171,8;204,65
494593;802;157,36;261,65;1289;49,67;1378,55;1355,57;16,35;21,6;24,45;30,05;256,86;300,7
494593;802;157,36;261,65;1289;61,27;1378,55;1355,57;16,93;26,03;27,67;32,66;351,77;390,43
494593;802;157,36;261,65;1289;70,66;1378,55;1355,57;17,81;27,29;29,63;36,59;403,79;451,87
494593;803;125,99;175,45;1290;25,1;1485;1435,5;9,71;12,39;13,02;10,81;50,25;61,27
494593;803;125,99;175,45;1290;38,11;1485;1435,5;12,61;18,24;19,4;18,34;124,63;148,44
494593;803;125,99;175,45;1290;50,76;1485;1435,5;14,51;19,84;22,27;24,53;187,52;219,49
494593;803;125,99;175,45;1290;62,35;1485;1435,5;15,26;23,4;26,08;27,33;265,61;294,77
494593;803;125,99;175,45;1290;71,75;1485;1435,5;15,89;24,29;27,23;29,77;290,04;324,53
494593;804;90,59;139,23;1291;27,86;1500,79;1600,84;10,61;14,53;16,06;14,47;79,25;96,44
494593;804;90,59;139,23;1291;41,13;1500,79;1550,81;13,68;19,25;21,46;23,19;167,84;199,59
494593;804;90,59;139,23;1291;51,68;1500,79;1525,8;14,97;25,17;26,7;27,32;285,63;321,55
494593;804;90,59;139,23;1291;64,32;1500,79;1525,8;15,96;25,88;28,18;31,28;317,88;370,28
494593;804;90,59;139,23;1291;73,36;1500,79;1525,8;16,26;26,59;30,05;32,57;351,55;392,56
494593;804;90,59;139,23;1292;27,86;1534,02;1636,28;9,23;12,93;13,8;11,18;54,73;67,19
494593;804;90,59;139,23;1292;41,13;1534,02;1636,28;12,27;19,99;21,86;19,97;159,8;188
494593;804;90,59;139,23;1292;51,68;1534,02;1636,28;13,47;22,5;25,5;24,22;233,12;265,05
494593;804;90,59;139,23;1292;64,32;1534,02;1636,28;14,48;24,75;28,48;28,24;285,28;332,31
494593;804;90,59;139,23;1292;73,36;1534,02;1636,28;14,83;26,71;29,98;29,76;329,55;367,98
494593;805;99,53;337,07;1293;27,73;1584,49;1690,13;8,07;11,17;11,86;8,81;37,32;46,35
494593;805;99,53;337,07;1293;41;1584,49;1690,13;10,88;15,86;17,12;16,14;97,32;117,41
494593;805;99,53;337,07;1293;51,54;1584,49;1690,13;12,13;21,21;22,76;20,29;181,26;207,8
494593;805;99,53;337,07;1293;64,19;1584,49;1690,13;13,02;22,74;24,93;23,48;212,08;247,05
494593;805;99,53;337,07;1293;73,23;1584,49;1690,13;13,62;23,98;27,15;25,85;254,43;284,1
494593;805;99,53;337,07;1294;41;1642,67;1779,55;10,65;16,62;17,92;16,47;106,89;128,05
494593;805;99,53;337,07;1294;51,54;1642,67;1752,18;11,89;20,32;23,1;20,49;178,34;205,23
494593;805;99,53;337,07;1294;64,19;1642,67;1752,18;12,81;22,37;25,95;24,14;222,57;259,26
494593;805;99,53;337,07;1294;73,23;1642,67;1752,18;13,49;24,9;28,95;26,96;284,7;317,91
494593;806;46,12;171,99;1295;39,03;1646,09;1700,96;13,2;19,15;20,36;24,09;173,66;206,59
494593;806;46,12;171,99;1295;49,57;1646,09;1700,96;14,46;23,51;25,76;29,19;287,08;326,07
494593;806;46,12;171,99;1295;62,22;1646,09;1700,96;15,3;24,13;27,02;33;321,92;374,99
494593;806;46,12;171,99;1295;71,25;1646,09;1673,53;16,14;25,14;27,18;36,04;367,37;410,21
494593;807;46,05;93,14;1296;28,75;1625,22;1625,22;9,81;13,18;13,56;12,38;60,17;73,96
494593;807;46,05;93,14;1296;42,02;1625,22;1625,22;12,68;17,12;20,16;20,75;133,86;160,54
494593;807;46,05;93,14;1296;52,56;1625,22;1625,22;13,82;23,39;24,5;24,72;240,82;273,07
494593;807;46,05;93,14;1296;65,21;1625,22;1625,22;14,59;25,58;27,48;27,73;280,2;326,42
494593;807;46,05;93,14;1296;74,24;1625,22;1625,22;15,07;26,46;28,15;29,7;313,17;349,7
494593;808;111,97;131,57;1297;27,69;1645,28;1645,28;8,91;11,89;12,7;10,31;45,53;56,39
494593;808;111,97;131,57;1297;40,97;1645,28;1645,28;11,48;16,68;17,6;17,15;107,82;129,6
494593;808;111,97;131,57;1297;51,51;1645,28;1645,28;12,8;21,65;23,06;21,35;191,37;219,38
494593;808;111,97;131,57;1297;64,16;1645,28;1645,28;13,84;23,63;24,18;25,04;228,65;266,34
494593;808;111,97;131,57;1297;73,19;1645,28;1645,28;14,42;24,68;26,33;27,27;267,56;298,77
494593;809;107,66;97,04;1298;24,87;1513,13;1689,66;9,19;14,39;15,9;11,84;67,98;82,25
494593;809;107,66;97,04;1298;38,14;1513,13;1689,66;11,68;14,19;19,16;19,63;116,18;140,42
494593;809;107,66;97,04;1298;48,69;1513,13;1664,44;12,63;20,35;25,24;22,78;206,32;236,61
494593;809;107,66;97,04;1298;61,33;1513,13;1664,44;13,27;20,79;25,63;25,25;227,02;264,45
494593;809;107,66;97,04;1298;70,37;1513,13;1664,44;13,74;21,97;26,73;27,07;256,08;285,94
494593;809;107,66;97,04;1299;24,87;1606,64;1579,86;8,73;10,48;12,92;9,78;38,75;48,46
494593;809;107,66;97,04;1299;38,14;1606,64;1579,86;12,6;17,39;21,36;20,64;141,7;169,14
494593;809;107,66;97,04;1299;48,69;1606,64;1553,09;14,2;22,35;24,32;25,86;239,11;273,88
494593;809;107,66;97,04;1299;61,33;1606,64;1553,09;15,45;24,64;27,23;31,06;309,45;360,47
494593;809;107,66;97,04;1299;70,37;1606,64;1553,09;16,03;25,97;29,93;33,74;368,4;411,37
494593;809;107,66;97,04;1300;24,87;1632,34;1686,75;9,98;13,52;13,6;13,26;66,1;81,06
494593;809;107,66;97,04;1300;38,14;1632,34;1686,75;13,74;15,86;21,06;25,35;152,84;183,74
494593;809;107,66;97,04;1300;48,69;1632,34;1686,75;15,18;22,19;24,56;31,2;280,74;322,78
494593;809;107,66;97,04;1300;61,33;1632,34;1659,55;16,36;25,36;26,83;35,78;354,41;412,83
494593;809;107,66;97,04;1300;70,37;1632,34;1632,34;17,31;26,92;29,17;39,57;429,41;479,5
494593;810;141,48;281,98;1301;25,13;1488,1;1438,49;10,68;14,26;14,5;12,95;67,83;82,71
494593;810;141,48;281,98;1301;38,76;1488,1;1438,49;14,1;21,02;22,02;22,75;174,8;208,18
494593;810;141,48;281,98;1301;49,21;1488,1;1438,49;15,43;22,77;24,85;27,36;236,27;276,55
494593;810;141,48;281,98;1301;61,33;1488,1;1339,29;16,66;25,81;27,83;29,86;328,73;362,1
494593;810;141,48;281,98;1301;72,9;1488,1;1339,29;17,17;26,9;29,08;31,82;349,32;390,21
494593;810;141,48;281,98;1301;81,18;1488,1;1339,29;17,57;28,17;31,3;33,37;386,27;431,48
494593;810;141,48;281,98;1302;25,13;1625,84;1571,65;10,51;13,84;14,15;13,76;70,74;86,26
494593;810;141,48;281,98;1302;38,76;1625,84;1544,55;14,03;19,91;21,45;24,24;177,09;210,92
494593;810;141,48;281,98;1302;49,21;1625,84;1544,55;15,46;24,21;26,2;29,52;271,12;317,35
494593;810;141,48;281,98;1302;61,33;1625,84;1544,55;16,57;25,39;27,38;34,01;367,58;404,89
494593;810;141,48;281,98;1302;72,9;1625,84;1544,55;17,13;26,87;29,35;36,44;399,34;446,08
494593;810;141,48;281,98;1302;81,18;1625,84;1544,55;17,39;28,44;31,33;37,62;437,24;488,42
494593;810;141,48;281,98;1303;38,76;1657,96;1575,06;13,72;21,15;22,72;23,85;188,87;224,94
494593;810;141,48;281,98;1303;49,21;1657,96;1519,8;15,21;24,05;24,5;28,21;255,33;298,87
494593;810;141,48;281,98;1303;61,33;1657,96;1492,17;16,31;27,04;27,7;31,82;361,89;398,63
494593;810;141,48;281,98;1303;72,9;1657,96;1492,17;16,9;27,47;29,4;34,3;381,17;425,78
494593;810;141,48;281,98;1303;81,18;1657,96;1492,17;17,08;29,28;31,38;35,08;416,6;465,37
494593;811;105,62;264;1304;24,93;1700,29;1671,96;10,93;14,44;14,57;15,77;83,48;101,8
494593;811;105,62;264;1304;38,57;1700,29;1671,96;13,95;20,36;21,27;25,85;191,82;228,46
494593;811;105,62;264;1304;49,01;1700,29;1671,96;15,15;25,46;26,77;30,63;292,19;342
494593;811;105,62;264;1304;61,14;1700,29;1671,96;16,16;26,79;28,5;34,92;394,77;434,85
494593;811;105,62;264;1304;72,7;1700,29;1671,96;16,76;28,07;30,05;37,81;429,44;479,7
494593;811;105,62;264;1304;80,98;1700,29;1671,96;17,01;28,87;30,83;39,07;455,89;509,25
494593;812;96,49;325,41;1305;25,72;1584,49;1558,08;9,18;12,59;12,86;10,35;48,59;59,86
494593;812;96,49;325,41;1305;38,47;1584,49;1558,08;12,63;18,08;18,88;19,64;135,56;161,3
494593;812;96,49;325,41;1305;62,98;1584,49;1558,08;15,4;25,39;26,55;29,43;313,77;345,62
494593;812;96,49;325,41;1305;79,3;1584,49;1558,08;16,14;28,33;30,02;32,48;370,12;413,45
494593;812;96,49;325,41;1306;38,47;1617,25;1590,3;14,43;21,57;22,36;26,12;212,82;247,85
494593;812;96,49;325,41;1306;62,98;1617,25;1590,3;16,74;26,88;28,95;35,41;400,78;441,47
494593;812;96,49;325,41;1306;79,3;1617,25;1590,3;17,38;29,89;31,85;38,3;460,94;514,89
494593;813;98,33;188,13;1307;24,84;1526,02;1551,45;9;12,77;13;9,95;48,01;58,98
494593;813;98,33;188,13;1307;40,6;1526,02;1551,45;13,57;19,96;20,74;22,83;173,01;203,51
494593;813;98,33;188,13;1307;48,65;1526,02;1551,45;14,58;22,04;22,64;26,58;231,85;267,87
494593;813;98,33;188,13;1307;61,47;1526,02;1551,45;15,3;25,01;25,93;29,45;299,57;340,07
494593;813;98,33;188,13;1307;75;1526,02;1551,45;16,17;27,53;29,6;33,17;378,55;429,72
494593;814;55,01;189,06;1308;25,3;1522,07;1522,07;10,28;14,64;15,4;12,71;68,23;83,2
494593;814;55,01;189,06;1308;38,01;1522,07;1522,07;13,15;19,77;20,5;20,79;149,67;178,26
494593;814;55,01;189,06;1308;49,84;1522,07;1522,07;14,41;22,93;23,15;25,01;213,57;249,99
494593;814;55,01;189,06;1308;61,1;1522,07;1522,07;15,04;25,39;26;27,27;278,37;311,23
494593;815;70,5;130,71;1309;36,37;1688,81;1660,66;12,23;18,61;18,82;19,8;136,62;162,71
494593;815;70,5;130,71;1309;48,19;1688,81;1632,52;13,33;20,2;21,88;23,54;180,78;211,61
494593;815;70,5;130,71;1309;59,46;1688,81;1660,66;13,88;23,82;25,15;25,52;248,62;277,99
494593;816;123,48;204,95;1310;23,62;1580,65;1580,65;9,4;12,81;13,38;11,03;51,82;63,19
494593;816;123,48;204,95;1310;36,33;1580,65;1580,65;12,94;19,62;20,52;20,92;149,91;178,54
494593;816;123,48;204,95;1310;48,16;1580,65;1580,65;14,18;21,79;22,98;25,18;205,26;240,25
494593;816;123,48;204,95;1310;59,43;1580,65;1580,65;14,64;24,85;25,63;26,89;269,54;301,36
494593;816;123,48;204,95;1311;36,33;1584,41;1584,41;12,1;18,61;18,63;18,51;126,93;151,17
494593;816;123,48;204,95;1311;48,16;1584,41;1584,41;13,42;19,99;21,4;22,87;173,14;202,65
494593;816;123,48;204,95;1311;59,43;1584,41;1584,41;14,04;23,34;25;25,1;240,77;269,19
494593;817;134,06;344,63;1312;20,76;1570,31;1465,62;9,71;10,1;11,32;10,99;41,3;50,36
494593;817;134,06;344,63;1312;32,33;1570,31;1465,62;12,55;14,41;16,7;18,69;103,55;123,33
494593;817;134,06;344,63;1312;45,57;1570,31;1465,62;14,51;20,38;24,15;25,63;210,43;246,33
494593;817;134,06;344,63;1312;70,66;1570,31;1465,62;15,66;24,83;30,67;30,45;340,65;383,61
494593;817;134,06;344,63;1313;20,76;1620,31;1620,31;9,66;10,3;11,13;11,97;45,34;55,29
494593;817;134,06;344,63;1313;32,33;1620,31;1620,31;12,63;14,49;17,32;20,85;112,51;134
494593;817;134,06;344,63;1313;45,57;1620,31;1620,31;14,37;18,62;23,97;27,67;207,82;243,25
494593;817;134,06;344,63;1313;70,66;1620,31;1620,31;15,37;24,68;29,98;32,25;345,78;389,37
494593;818;55,49;244,14;1314;20,5;1565,97;1565,97;8,89;10,52;11,13;9,82;38,12;46,49
494593;818;55,49;244,14;1314;32,06;1565,97;1565,97;12,11;16,09;17;18,43;109,25;130,11
494593;818;55,49;244,14;1314;45,3;1565,97;1565,97;14,12;21,99;23,72;25,48;215,1;251,77
494593;818;55,49;244,14;1314;70,4;1565,97;1565,97;15,14;26,42;29,3;29,59;330,61;372,28
494593;819;85,6;233,34;1315;20,66;1635,76;1613,65;9,71;11,65;13,4;12,08;50,63;63,1
494593;819;85,6;233,34;1315;33,25;1635,76;1613,65;12,53;17,69;19,86;20,59;141,11;168,33
494593;819;85,6;233,34;1315;44,91;1635,76;1613,65;14,05;20,08;24,14;26,37;217,06;252,87
494593;819;85,6;233,34;1315;57,69;1635,76;1613,65;14,7;23,39;27,53;29,09;280,74;322,57
494593;819;85,6;233,34;1315;69,38;1635,76;1613,65;15,46;22,95;29,69;32,25;316,87;360,64
494593;819;85,6;233,34;1316;20,66;1392,6;1370,5;10,16;12,62;13,32;11,37;51,43;63,7
494593;819;85,6;233,34;1316;33,25;1392,6;1370,5;13,82;18;19,58;21,53;146,31;175,61
494593;819;85,6;233,34;1316;44,91;1392,6;1370,5;15,35;19,33;21,42;26,92;200,22;237,32
494593;819;85,6;233,34;1316;57,69;1392,6;1370,5;16,28;22,86;26,4;30,47;289,56;332,71
494593;819;85,6;233,34;1316;69,38;1392,6;1370,5;17,37;25,44;28,78;35,1;369,7;420,77
494593;819;85,6;233,34;1317;20,66;1414,71;1282,08;9,4;11,65;12,56;8,98;37,79;47,06
494593;819;85,6;233,34;1317;33,25;1414,71;1282,08;13,51;17,23;18;18,6;118,74;143,58
494593;819;85,6;233,34;1317;44,91;1414,71;1282,08;15,23;19,36;20,44;23,81;171,65;204,06
494593;819;85,6;233,34;1317;57,69;1414,71;1282,08;16,25;24,02;26,06;27,24;258,71;297,26
494593;819;85,6;233,34;1317;69,38;1414,71;1282,08;17,11;25,85;28,86;30,37;313,84;357,19
494593;819;85,6;233,34;1318;33,25;1520;1540;13,14;16,99;18,36;21,47;137,49;166,13
494593;819;85,6;233,34;1318;44,91;1520;1540;14,83;20,48;22,58;27,75;223,71;261,75
494593;819;85,6;233,34;1318;57,69;1520;1540;15,89;23,66;27,18;32,22;312,9;359,53
494593;819;85,6;233,34;1318;69,38;1520;1540;16,75;25,14;29,14;36,16;378,09;430,32
494593;820;58,28;269,23;1319;34,03;1738,48;1680,53;13,19;18,23;20,36;23,64;166,94;198,38
494593;820;58,28;269,23;1319;45,01;1738,48;1622,58;14,91;22,83;25,4;29,34;274,83;314,52
494593;820;58,28;269,23;1319;59,1;1738,48;1622,58;16,35;24,32;27,83;35,73;366,94;404,53
494593;820;58,28;269,23;1320;34,03;1701,98;1673,62;13,44;16,74;19,28;24,51;156,25;188,75
494593;820;58,28;269,23;1320;45,01;1701,98;1673,62;14,86;18,92;22,38;30,28;226,11;266,95
494593;820;58,28;269,23;1320;59,1;1701,98;1673,62;16,02;24,07;27,25;35,67;361,29;398,31
494593;821;135,08;249,62;1321;23,32;1649,15;1649,15;10,24;13,43;15,06;13,75;69,93;85,55
494593;821;135,08;249,62;1321;35,05;1677,1;1677,1;13,37;17,08;20,08;24,28;162,78;194,83
494593;821;135,08;249,62;1321;46,02;1677,1;1593,25;15,19;22,18;25,16;29,71;272,71;312,48
494593;821;135,08;249,62;1321;60,12;1677,1;1537,34;16,8;26,23;27,9;35,34;380,12;419,05
494593;822;120,66;64,48;1322;34,66;1714,97;1657,81;13,44;17,03;19,64;24,55;158,51;191,15
494593;822;120,66;64,48;1322;45,63;1714,97;1657,81;14,79;20,34;24,08;30,22;250,71;291,41
494593;822;120,66;64,48;1322;59,72;1714,97;1657,81;15,9;22,66;26,77;35,51;351,56;387,58
494593;822;120,66;64,48;1323;34,66;1701,6;1644,88;13,25;17,11;19,72;23,69;156,07;187,94
494593;822;120,66;64,48;1323;45,63;1701,6;1644,88;14,61;21,1;24,66;29,35;254,47;294,65
494593;822;120,66;64,48;1323;59,72;1701,6;1644,88;15,74;22,93;27,68;34,65;347,24;382,81
494593;823;60,36;323,08;1324;35,12;1603,81;1603,81;12,33;16,42;17,86;19,57;123,89;149,15
494593;823;60,36;323,08;1324;46,09;1603,81;1603,81;14,12;20,65;23,06;25,95;219,36;253,94
494593;823;60,36;323,08;1324;60,18;1603,81;1603,81;15,69;23,47;26,63;32,56;326,35;359,82
494593;823;60,36;323,08;1325;35,12;1573,56;1547,34;13,96;18,4;19,92;24,38;171,53;204,55
494593;823;60,36;323,08;1325;46,09;1573,56;1521,11;15,69;22,48;24,94;30,36;276,82;318,22
494593;823;60,36;323,08;1325;60,18;1573,56;1521,11;16,95;25,17;27,6;35,8;376,05;414,57
494593;824;159,5;78,3;1326;25,43;1635,72;1591,51;9,21;12,51;13,32;10,66;49,59;61,14
494593;824;159,5;78,3;1326;36,53;1635,72;1591,51;11,52;15,56;17,08;16,67;99,09;120,33
494593;824;159,5;78,3;1326;50,3;1635,72;1591,51;13,4;22,39;24,22;22,65;190,78;223,3
494593;824;159,5;78,3;1326;63,17;1635,72;1591,51;14,58;24,05;25,9;26,94;255,33;293,38
494593;824;159,5;78,3;1327;25,43;1657,82;1746,24;10,19;15,1;15,52;14,41;82,9;100,24
494593;824;159,5;78,3;1327;50,3;1657,82;1746,24;14,03;22,86;25,26;28;245,15;286,94
494593;824;159,5;78,3;1327;63,17;1657,82;1746,24;15,09;24,41;27,34;32,73;324,1;372,42
494593;824;159,5;78,3;1328;36,53;1740;1660;9,93;14,68;15,82;12,97;75,11;91,04
494593;824;159,5;78,3;1328;50,3;1740;1660;11,87;19,14;20,18;18,58;133,14;155,84
494593;824;159,5;78,3;1328;63,17;1740;1660;12,93;20,87;22,32;22,07;180,54;207,44
494593;825;162,43;321,95;1329;24,67;1725,03;1667,53;7,52;10,08;10,62;7,49;28,39;35,6
494593;825;162,43;321,95;1329;36,83;1725,03;1667,53;10,78;15,31;16,2;15,42;91,95;111,34
494593;825;162,43;321,95;1329;48,62;1725,03;1667,53;12,33;20,83;21,72;20,24;174,37;200,91
494593;825;162,43;321,95;1329;61,01;1725,03;1667,53;13,53;23,2;23,87;24,48;226,88;261,62
494593;825;162,43;321,95;1329;73,65;1725,03;1667,53;14,48;24,92;26,73;28,17;281,86;325,02
494593;825;162,43;321,95;1330;36,83;1578,08;1525,47;10,4;14,77;16,46;13,09;75,92;92,19
494593;825;162,43;321,95;1330;48,62;1578,08;1525,47;12,2;19,83;21,12;18,09;146,9;170,66
494593;825;162,43;321,95;1330;61,01;1578,08;1525,47;13,4;22,25;23,7;21,89;194,81;224,64
494593;825;162,43;321,95;1330;73,65;1578,08;1525,47;14,31;23,73;25,68;25,06;238,87;275,45
494593;826;28,36;263,63;1331;24,51;1662,05;1717,45;9,33;10,82;11,46;11,93;45,37;57,05
494593;826;28,36;263,63;1331;37,65;1662,05;1717,45;12,24;17,47;18,74;20,6;138,39;165,31
494593;826;28,36;263,63;1331;47,6;1662,05;1717,45;13,51;21,03;22,7;25,19;216,21;249,9
494593;826;28,36;263,63;1331;61,5;1662,05;1717,45;14,69;24,16;25,45;30,03;306,48;348,53
494593;826;28,36;263,63;1331;76,15;1662,05;1717,45;15,31;26,79;28,82;32,76;375,43;426,94
494593;826;28,36;263,63;1332;37,65;1684,87;1712,95;11,45;18,15;19,86;18,75;140,81;165,03
494593;826;28,36;263,63;1332;47,6;1684,87;1712,95;12,66;19,78;22,32;23,11;196,96;227,77
494593;826;28,36;263,63;1332;61,5;1684,87;1684,87;13,94;21,91;26,73;27,55;271,87;309,18
494593;826;28,36;263,63;1332;76,15;1684,87;1628,71;14,87;25,2;30,38;29,92;336,55;382,73
494593;827;41,72;144,16;1333;25,53;1659,61;1687,27;8,92;12,82;13,48;10,7;52,39;64,26
494593;827;41,72;144,16;1333;38,67;1659,61;1687,27;11,91;15;18,66;19,2;113,63;138,12
494593;827;41,72;144,16;1333;48,62;1659,61;1687,27;13,04;18,71;19,68;23,12;170,84;201,5
494593;827;41,72;144,16;1333;62,52;1659,61;1659,61;14,15;23,15;25,73;27,02;271,99;309,33
494593;827;41,72;144,16;1333;77,17;1659,61;1659,61;14,87;25,65;29,58;30,15;338,25;384,68
494593;827;41,72;144,16;1334;38,67;1629,95;1629,95;12,86;18,76;20,38;21,83;159,55;188,47
494593;827;41,72;144,16;1334;48,62;1629,95;1629,95;13,98;20,94;22,92;25,94;220,17;255,19
494593;827;41,72;144,16;1334;62,52;1629,95;1602,78;15,23;23,19;25,58;30,21;298,12;339,02
494593;827;41,72;144,16;1334;77,17;1629,95;1602,78;15,87;26,42;29,52;33,04;376,58;428,25
494593;828;85,03;289,98;1335;38,01;1733,35;1733,35;10,44;14,4;16,42;15,13;86,07;104,9
494593;828;85,03;289,98;1335;47,96;1733,35;1733,35;11,55;17,46;20,02;18,54;131,22;155,34
494593;828;85,03;289,98;1335;61,86;1733,35;1733,35;12,82;21,33;23,63;22,88;206,38;234,7
494593;828;85,03;289,98;1335;76,51;1733,35;1733,35;13,63;23,64;26,87;25,99;261,9;297,84
494593;829;49,29;237,3;1336;23,23;1581,9;1502,81;7,8;9,91;10,8;7,28;26,86;33,78
494593;829;49,29;237,3;1336;36,37;1581,9;1529,17;10,48;13,76;14,48;13,57;72,78;89,62
494593;829;49,29;237,3;1336;46,32;1581,9;1529,17;11,68;17,13;17,78;16,84;114,4;136,32
494593;829;49,29;237,3;1336;60,22;1581,9;1502,81;13,27;21,22;22,2;21,19;188,57;214,44
494593;829;49,29;237,3;1336;74,87;1581,9;1502,81;14,36;24,24;25,8;24,95;255,32;290,35
494593;830;120,87;233,41;1337;27,79;1547,34;1547,34;9,15;11,36;11,72;10,24;41,91;52,3
494593;830;120,87;233,41;1337;38,76;1547,34;1547,34;11,78;15,68;16,44;17,02;101,31;123,15
494593;830;120,87;233,41;1337;52,66;1547,34;1547,34;13,44;20,22;21,2;22,27;188,6;214,48
494593;830;120,87;233,41;1337;67,31;1547,34;1547,34;14,57;23,97;25,36;26,29;265,28;301,68
494593;830;120,87;233,41;1338;38,76;1560;1580;12,81;18,44;19,6;20,99;148,58;176,42
494593;830;120,87;233,41;1338;52,66;1560;1580;14,57;22,32;24,58;27,49;265,52;301,95
494593;830;120,87;233,41;1338;67,31;1560;1580;15,74;26,13;29,02;32,32;368,47;419,02
494593;831;121,52;228;1339;27,86;1481,02;1458,92;8,1;11,43;11,28;7,79;32,68;40,62
494593;831;121,52;228;1339;38,83;1481,02;1436,81;10,67;14,97;16,58;13,21;77,8;94,44
494593;831;121,52;228;1339;52,73;1481,02;1436,81;12,36;19,29;20,44;17,76;144,63;164,47
494593;831;121,52;228;1339;68,53;1481,02;1436,81;13,29;22,07;23,82;20,61;193,17;219,68
494593;831;121,52;228;1340;38,83;1540;1500;10,92;16,25;18,62;14,55;95,1;113,65
494593;831;121,52;228;1340;52,73;1540;1480;13;20,92;23,18;20,3;181,43;206,33
494593;831;121,52;228;1340;68,53;1540;1480;14,13;24,62;27,4;24,16;255,27;290,3
494593;832;166,2;52,91;1341;38,67;1320;1340;11,98;16,99;17,64;15,24;99,41;119,13
494593;832;166,2;52,91;1341;52,69;1320;1340;13,72;22,09;22,36;20,02;164,69;192,77
494593;832;166,2;52,91;1341;63,96;1320;1340;14,61;24,83;25,24;22,75;219,82;252,57
494593;833;132,69;191,9;1342;20,5;1360;1360;7,97;10,52;11,4;6,91;27,32;34,15
494593;833;132,69;191,9;1342;31,73;1360;1360;11,48;16,44;16,72;14,4;92,23;110,74
494593;833;132,69;191,9;1342;45,76;1360;1360;14,14;21,36;22,86;22,04;180,13;210,84
494593;833;132,69;191,9;1342;57,03;1360;1360;15,13;23,37;25,54;25,33;238,17;273,66
494593;833;132,69;191,9;1343;20,5;1340;1320;8,57;10,49;11,42;7,69;29,34;36,83
494593;833;132,69;191,9;1343;45,76;1340;1320;14,46;21,58;22,72;21,98;178,35;208,76
494593;833;132,69;191,9;1343;57,03;1340;1320;15,58;25,99;27,8;25,58;262,81;301,97
494593;834;74,9;294,03;1344;23,49;1702,07;1702,07;7,24;8,16;9,14;7,22;21,27;27,31
494593;834;74,9;294,03;1344;34,69;1702,07;1702,07;10,29;13,55;14,72;14,67;77,88;96,05
494593;834;74,9;294,03;1344;47,86;1702,07;1702,07;12,29;19,14;21,46;21,22;168,39;196,58
494593;834;74,9;294,03;1344;60,68;1702,07;1702,07;13,38;21,03;24,32;25,44;222,14;255,24
494593;834;74,9;294,03;1344;72,83;1702,07;1702,07;14,23;24,03;28,4;29,16;295,59;336,42
494593;835;98,73;349,74;1345;34,72;1580;1560;11,53;16,38;17,26;16,53;105,08;126,26
494593;835;98,73;349,74;1345;47,9;1580;1560;13,2;22,49;23,18;21,79;204,08;232,73
494593;835;98,73;349,74;1345;60,71;1580;1560;14,22;23,24;24,98;25,44;234,67;269,64
494593;835;98,73;349,74;1345;72,86;1580;1560;15,01;26,47;29,28;28,54;304,28;346,32
494593;836;138,37;131,29;1346;53,42;1440;1420;14,98;22,15;24,12;25,65;226,42;261,55
494593;836;138,37;131,29;1346;65,64;1440;1420;15,86;23,44;26,94;28,94;272,82;310,5
494593;836;138,37;131,29;1346;77,56;1440;1420;16,47;26,25;30,12;31,4;340,18;382,27
494593;837;62,74;152,68;1347;22,4;1720,38;1777,73;6,06;8,16;9,4;5,25;16,74;21,27
494593;837;62,74;152,68;1347;36,17;1720,38;1777,73;9,67;14,98;17;13,33;80,45;96,82
494593;837;62,74;152,68;1347;45,14;1720,38;1777,73;11,1;17,26;19,32;17,63;123,61;146,41
494593;837;62,74;152,68;1347;58,51;1720,38;1777,73;12,33;20,65;23,17;21,93;188,42;214,32
494593;837;62,74;152,68;1347;70,43;1720,38;1777,73;13,13;23,09;25,67;25,02;232,71;264,86
494593;837;62,74;152,68;1347;77,86;1720,38;1777,73;13,47;24,07;26,93;26,42;260,41;292,63
494593;838;53,58;267,07;1348;24,05;1609,23;1636,05;8,77;12,14;13,6;10,03;46,46;57,27
494593;838;53,58;267,07;1348;37,81;1609,23;1636,05;10,83;15,87;17,2;15,43;96,26;115,8
494593;838;53,58;267,07;1348;46,78;1609,23;1636,05;11,59;17,69;19,22;17,76;126;149,19
494593;838;53,58;267,07;1348;60,15;1609,23;1636,05;13,12;20,61;22,95;23,05;198,14;225,38
494593;838;53,58;267,07;1348;72,08;1609,23;1636,05;13,93;22,64;25,65;26,12;239,75;272,87
494593;838;53,58;267,07;1348;79,5;1609,23;1636,05;14,08;23,05;25,75;26,78;254,16;285,6
494593;839;28,56;229,77;1349;24,05;1629,68;1656,84;8,65;11,66;12,3;9,88;43,04;53,36
494593;839;28,56;229,77;1349;37,81;1629,68;1656,84;10,18;14,7;15,56;13,68;79,39;96,32
494593;839;28,56;229,77;1349;46,78;1629,68;1656,84;10,8;15,23;16,42;15,41;91,76;111,2
494593;839;28,56;229,77;1349;60,15;1629,68;1656,84;12,44;19,11;20,8;20,54;162,15;184,44
494593;839;28,56;229,77;1349;72,08;1629,68;1656,84;13,37;21,76;23,77;23,85;206,44;234,96
494593;839;28,56;229,77;1349;79,5;1629,68;1656,84;13,6;22,84;25,02;24,72;227,41;255,54
494593;840;41,11;135,47;1350;23,46;1600;1580;8,47;10;11,56;9,09;33,12;41,76
494593;840;41,11;135,47;1350;35,45;1600;1580;11,95;15,06;17,04;18,39;107,44;131,29
494593;840;41,11;135,47;1350;48,65;1600;1580;13,58;18,15;20,66;24,03;172,03;201,36
494593;840;41,11;135,47;1350;60,71;1600;1560;14,64;20,73;23,88;27,82;239,95;275,71
494593;840;41,11;135,47;1351;35,45;1460;1440;12,42;16,4;18,1;18,2;116,42;140,45
494593;840;41,11;135,47;1351;48,65;1460;1440;14,05;18,96;21,32;23,43;175,44;205,36
494593;840;41,11;135,47;1351;60,71;1460;1440;15,1;23,12;25,44;27,35;255,39;293,44
494593;841;44,06;97,95;1352;23,62;1640;1620;8,95;11,2;12,98;10,41;43,05;53,67
494593;841;44,06;97,95;1352;35,61;1640;1620;11,7;16,91;18,1;17,93;117,99;141,23
494593;841;44,06;97,95;1352;48,82;1640;1620;13,15;20,1;22,98;22,81;177,05;207,23
494593;841;44,06;97,95;1352;60,87;1640;1620;13,98;23,28;26,38;26,04;247,03;283,84
494593;842;160,37;253,16;1353;23,59;1520;1580;9,18;12,06;12,76;10,68;47,42;58,75
494593;842;160,37;253,16;1353;35,58;1520;1580;12,01;18,4;17,94;18,58;129,07;153,24
494593;842;160,37;253,16;1353;48,78;1520;1580;13,54;20,37;22,16;23,92;186,98;218,86
494593;842;160,37;253,16;1353;60,84;1520;1560;14,58;21,96;25,22;27,65;248,62;285,67
